name2,name,line,ADA_Status,linematch,objectid,lon,lat,ADA_StatusLayer,Station ID,Complex ID,GTFS Stop ID
1st Ave,1st Ave,L,ADA Access Under Construction,1 Av L,146,c(-73.9816808748913, 40.7309749758007),In Construction,119,119,L06
103 St - Corona Plaza,103rd St - Corona Plaza,7,No Access - No Plans for Funding,103 St - Corona Plaza 7,189,c(-73.8626999983041, 40.7498650005555),No ADA: No Funding Plans,450,450,706
103 St,103rd St,1,No Access - No Plans for Funding,103 St 1,159,c(-73.9683789996082, 40.7994460003348),No ADA: No Funding Plans,309,309,119
103 St,103rd St,4-6-6 Express,No Access - Under Consideration,103 St 4-6-6 Express,458,c(-73.9474780015222, 40.7906000000845),No ADA: Under Consideration,395,395,624
103 St,103rd St,A-B-C,No Access - Under Consideration,103 St A-B-C,161,c(-73.9613700826762, 40.7960607399045),,156,156,A18
104 St,104th St,A-S,No Access - Under Consideration,104 St A,98,c(-73.83768300061, 40.6817110010912),No ADA: Under Consideration,193,193,A63
104th-102nd Sts,104th-102nd Sts,J-Z,No Access - No Plans for Funding,104 St J Z,14,c(-73.8444350002968, 40.6951659982337),No ADA: No Funding Plans,82,82,J14
110 St,110th St,4-6-6 Express,No Access - Under Consideration,110 St 6,450,c(-73.9442499968716, 40.7950200001131),No ADA: Under Consideration,394,394,623
111 St,111th St,7,No Access - No Plans for Funding,111 St 7,190,c(-73.8553339983488, 40.7517299994171),No ADA: No Funding Plans,449,449,705
111 St,111th St,A-S,No Access - No Plans for Funding,111 St A,83,c(-73.8321629984539, 40.6843310000124),No ADA: No Funding Plans,194,194,A64
111 St,111th St,J,No Access - No Plans for Funding,111 St J,209,c(-73.836793384547, 40.6971148106965),No ADA: No Funding Plans,81,81,J13
116 St - Columbia University,116th St - Columbia University,1,No Access - Under Consideration,116 St - Columbia University 1,167,c(-73.9641099975775, 40.8077220012309),No ADA: Under Consideration,307,307,117
116 St,116th St,3-Feb,No Access - No Plans for Funding,116 St 2 3,170,c(-73.949625000969, 40.802097999133),No ADA: No Funding Plans,440,440,226
116 St,116th St,4-6-6 Express,No Access - No Plans for Funding,116 St 6,462,c(-73.9416169983714, 40.7986290002001),No ADA: No Funding Plans,393,393,622
116 St,116th St,A-B-C,No Access - No Plans for Funding,116 St B C,398,c(-73.9547977805731, 40.8050581334421),No ADA: No Funding Plans,154,154,A16
121st St,121st St,J-Z,No Access - No Plans for Funding,121 St J Z,210,c(-73.8283490001795, 40.7004819985153),No ADA: No Funding Plans,80,80,J12
125 St,125th St,1,No Access - Under Consideration,125 St 1,287,c(-73.9583720009704, 40.8155809999789),No ADA: Under Consideration,306,306,116
125 St,125th St,2 3,No Access - No Plans for Funding,125 St 2 3,168,c(-73.9454950001141, 40.8077539991828),No ADA: No Funding Plans,439,439,225
125 St,125th St,4-5-6-6 Express,Full ADA Access,125 St 4 5 6,468,c(-73.9375940005573, 40.8041380005872),Full ADA Access,392,392,621
125 St,125th St,A-B-C-D,Full ADA Access,125 St A B C D,399,c(-73.9522479973477, 40.8110716729946),Full ADA Access,153,153,A15
135 St,135th St,2 3,Full ADA Access,135 St 2 3,169,c(-73.9407700010671, 40.8142290003391),Full ADA Access,438,438,224
135 St,135th St,A-B-C,No Access - No Plans for Funding,135 St B C,440,c(-73.9475348087921, 40.8179055592127),No ADA: No Funding Plans,152,152,A14
137 St - City College,137th St - City College,1,No Access - Under Consideration,137 St - City College 1,172,c(-73.9536760008787, 40.8220079996847),No ADA: Under Consideration,305,305,115
138 St - Grand Concourse,138th St - Grand Concourse,4 5,No Access - No Plans for Funding,138 St - Grand Concourse 4 5,141,c(-73.9298489993561, 40.8132239995891),No ADA: No Funding Plans,391,391,416
Union Sq - 14 St,Union Sq - 14th St,4-5-6-6 Express,No Access - No Plans for Funding,14 St - Union Sq 4 5 6,105,c(-73.9899509988188, 40.7346730009961),No ADA: No Funding Plans,406,602,635
Union Sq - 14 St,Union Sq - 14th St,N-Q-R-W,Full ADA Access,14 St - Union Sq N Q R W,379,c(-73.9905388618164, 40.7358722669981),Full ADA Access,15,602,R20
14 St,14th St,1 2,No Access - Under Consideration,14 St 1 2 3,439,c(-74.000201000635, 40.7378259997281),No ADA: Under Consideration,322,601,132
14 St,14th St,A-C-E,Full ADA Access,14 St A C E,444,c(-74.0016899993703, 40.7408930001933),Full ADA Access,166,618,A31
14 St,14th St,F-M,No Access - Under Consideration,14 St F M,441,c(-73.9962089992136, 40.7382279996951),No ADA: Under Consideration,229,601,D19
145 St,145th St,1,No Access - Under Consideration,145 St 1,156,c(-73.9503599987971, 40.8265509996219),No ADA: Under Consideration,304,304,114
145 St,145th St,3,No Access - No Plans for Funding,145 St 3,173,c(-73.936244998733, 40.8204209996928),No ADA: No Funding Plans,437,437,302
145 St,145th St,A-B-C-D,No Access - No Plans for Funding,145 St A C,295,c(-73.9440879282311, 40.8247663608719),No ADA: No Funding Plans,151,151,A12
149 St - Grand Concourse,149th St - Grand Concourse,2 5,ADA Access Under Construction,149 St - Grand Concourse 2 5,289,c(-73.9267224743861, 40.8183301440974),In Construction,435,603,222
149 St - Grand Concourse,149th St - Grand Concourse,4,ADA Access Under Construction,149 St - Grand Concourse 4,47,c(-73.9273847542618, 40.8183034437232),In Construction,390,603,415
15 St - Prospect Park,15th St - Prospect Park,F-G,No Access - No Plans for Funding,15 St - Prospect Park F G,107,c(-73.9797358059287, 40.6600356881002),No ADA: No Funding Plans,241,241,F25
155 St,155th St,B-D,No Access - No Plans for Funding,155 St B D,296,c(-73.9382089981162, 40.8301349999812),No ADA: No Funding Plans,220,220,D12
155 St,155th St,A-C,No Access - No Plans for Funding,155 St C,411,c(-73.9415140008221, 40.8305179992925),No ADA: No Funding Plans,150,150,A11
157 St,157th St,1,No Access - Under Consideration,157 St 1,157,c(-73.9448899990105, 40.8340410001399),No ADA: Under Consideration,303,303,113
161st St - Yankee Stadium,161st St - Yankee Stadium,4,Full ADA Access,161 St - Yankee Stadium 4,48,c(-73.9256919950573, 40.8282303274217),Full ADA Access,389,604,414
161st St - Yankee Stadium,161st St - Yankee Stadium,B-D,Full ADA Access,161 St - Yankee Stadium B D,297,c(-73.9256509977548, 40.8279049988458),Full ADA Access,219,604,D11
163 St - Amsterdam Av,163rd St - Amsterdam Av,A-C,No Access - No Plans for Funding,163 St - Amsterdam Av C,412,c(-73.9398920018834, 40.836012999231),No ADA: No Funding Plans,149,149,A10
167 St,167th St,4,No Access - No Plans for Funding,167 St 4,291,c(-73.9213999978443, 40.8355369993367),No ADA: No Funding Plans,388,388,413
167 St,167th St,B-D,No Access - No Plans for Funding,167 St B D,22,c(-73.9184320008225, 40.833768998628),No ADA: No Funding Plans,218,218,D10
168 St,168th St,1,No Access - No Plans for Funding,168 St - Washington Hts 1,177,c(-73.9401329990726, 40.8405559991485),No ADA: No Funding Plans,302,605,112
168 St,168th St,A-C,Full ADA Access,168 St A C,58,c(-73.9395609998543, 40.8407189999079),Full ADA Access,148,605,A09
169 St,169th St,F,No Access - No Plans for Funding,169 St F,188,c(-73.7934741992772, 40.710517502784),No ADA: No Funding Plans,255,255,F02
170 St,170th St,4,No Access - Under Consideration,170 St 4,264,c(-73.9177909974593, 40.84007499993),No ADA: Under Consideration,387,387,412
170 St,170th St,B-D,No Access - Under Consideration,170 St B D,176,c(-73.9133999984698, 40.8393059996416),No ADA: Under Consideration,217,217,D09
174 St,174th St,2 5,No Access - No Plans for Funding,174 St 2 5,256,c(-73.8876935981289, 40.8371955501706),No ADA: No Funding Plans,428,428,215
174th-175 Sts,174th-175th Sts,B-D,No Access - Under Consideration,174-175 Sts B D,21,c(-73.9101360005008, 40.8458999998341),No ADA: Under Consideration,216,216,D08
175 St,175th St,A,Full ADA Access,175 St A,180,c(-73.939703997616, 40.847391000724),Full ADA Access,147,147,A07
176 St,176th St,4,No Access - No Plans for Funding,176 St 4,174,c(-73.9117939988447, 40.8484800012369),No ADA: No Funding Plans,385,385,410
18th Ave,18th Ave,D,No Access - No Plans for Funding,18 Av D,322,c(-74.001592592394, 40.6077357317174),No ADA: No Funding Plans,66,66,B19
18th Ave,18th Ave,F,No Access - Under Consideration,18 Av F,308,c(-73.976970999658, 40.6297546663858),No ADA: Under Consideration,245,245,F30
18th Ave,18th Ave,N,No Access - No Plans for Funding,18 Av N,316,c(-73.9904539986599, 40.62068699768),No ADA: No Funding Plans,74,74,N05
18 St,18th St,1 2,No Access - No Plans for Funding,18 St 1,203,c(-73.9978710006041, 40.7410399998021),No ADA: No Funding Plans,321,321,131
181st St,181st St,1,No Access - Under Consideration,181 St 1,178,c(-73.9335959996056, 40.8495049997407),No ADA: Under Consideration,301,301,111
181st St,181st St,A,No Access - No Plans for Funding,181 St A,396,c(-73.9379690020501, 40.8516949997446),No ADA: No Funding Plans,146,146,A06
182nd-183 Sts,182nd-183rd Sts,B-D,No Access - Under Consideration,182-183 Sts B D,20,c(-73.9007409999897, 40.8560929988186),No ADA: Under Consideration,214,214,D06
183 St,183rd St,4,No Access - No Plans for Funding,183 St 4,407,c(-73.9038790015153, 40.8584070004084),No ADA: No Funding Plans,383,383,408
190 St,190th St,A,No Access - No Plans for Funding,190 St A,397,c(-73.9341799996433, 40.8590219989248),No ADA: No Funding Plans,145,145,A05
191st St,191st St,1,No Access - No Plans for Funding,191 St 1,179,c(-73.9294119974204, 40.8552250017584),No ADA: No Funding Plans,300,300,110
Lower East Side - 2nd Ave,Lower East Side - 2nd Ave,F,No Access - No Plans for Funding,2 Av F,371,c(-73.9899380000343, 40.7234016657491),No ADA: No Funding Plans,232,232,F14
20th Ave,20th Ave,D,No Access - No Plans for Funding,20 Av D,321,c(-73.9981743215757, 40.6046769981693),No ADA: No Funding Plans,67,67,B20
20th Ave,20th Ave,N,No Access - Under Consideration,20 Av N,315,c(-73.9845219984611, 40.617108999866),No ADA: Under Consideration,75,75,N06
207 St,207th St,1,No Access - No Plans for Funding,207 St 1,269,c(-73.9188190013231, 40.8646140005259),No ADA: No Funding Plans,298,298,108
21st St - Queensbridge,21st St - Queensbridge,F,Full ADA Access,21 St - Queensbridge F,346,c(-73.9419376145745, 40.7537392708755),Full ADA Access,221,221,B04
21st St,21st St,G,No Access - No Plans for Funding,21 St G,154,c(-73.9495999997552, 40.7441286664954),No ADA: No Funding Plans,282,282,G24
215 St,215th St,1,No Access - No Plans for Funding,215 St 1,268,c(-73.9152789995436, 40.8694439994605),No ADA: No Funding Plans,297,297,107
219 St,219th St,2 5,No Access - No Plans for Funding,219 St 2 5,273,c(-73.8625097078866, 40.8838879746253),No ADA: No Funding Plans,420,420,207
225 St,225th St,2 5,No Access - No Plans for Funding,225 St 2 5,248,c(-73.8602146177274, 40.8880282586379),No ADA: No Funding Plans,419,419,206
23 St,23rd St,1 2,No Access - No Plans for Funding,23 St 1,96,c(-73.9956570016487, 40.7440809998975),No ADA: No Funding Plans,320,320,130
23 St,23rd St,4-6-6 Express,Full ADA Access,23 St 6,92,c(-73.9865990020789, 40.7398640004746),Full ADA Access,405,405,634
23 St,23rd St,A-C-E,No Access - No Plans for Funding,23 St C E,436,c(-73.998041001172, 40.7459059994),No ADA: No Funding Plans,165,165,A30
23 St,23rd St,F-M,No Access - No Plans for Funding,23 St F M,365,c(-73.9927650047139, 40.742954317826),No ADA: No Funding Plans,228,228,D18
23 St,23rd St,N-Q-R-W,No Access - No Plans for Funding,23 St R W,380,c(-73.9893440010291, 40.74130266729),No ADA: No Funding Plans,14,14,R19
231st St,231st St,1,Full ADA Access,231 St 1,267,c(-73.9048340010787, 40.8788559981793),Full ADA Access,295,295,104
233 St,233rd St,2 5,Full ADA Access,233 St 2 5,87,c(-73.8573623952154, 40.8931432413838),Full ADA Access,418,418,205
238 St,238th St,1,No Access - No Plans for Funding,238 St 1,6,c(-73.9008700001852, 40.8846670006497),No ADA: No Funding Plans,294,294,103
25th Ave,25th Ave,D,No Access - No Plans for Funding,25 Av D,313,c(-73.9868290001148, 40.5977036669586),No ADA: No Funding Plans,69,69,B22
25 St,25th St,D-N-R,No Access - No Plans for Funding,25 St R,393,c(-73.998090999743, 40.6603966669232),No ADA: No Funding Plans,31,31,R35
28 St,28th St,1 2,No Access - No Plans for Funding,28 St 1,199,c(-73.9933650013432, 40.7472149991822),No ADA: No Funding Plans,319,319,129
28 St,28th St,4-6-6 Express,Partial ADA Access soutbound only,28 St 6,200,c(-73.9842640011041, 40.743069999259),Partial ADA Access,404,404,633
28 St,28th St,N-Q-R-W,No Access - No Plans for Funding,28 St R W,144,c(-73.9886980012874, 40.7454539997995),No ADA: No Funding Plans,13,13,R18
3rd Ave - 138 St,3rd Ave - 138th St,6-6 Express,No Access - No Plans for Funding,3 Av - 138 St 6,27,c(-73.9261380001413, 40.8104760011726),No ADA: No Funding Plans,377,377,619
3rd Ave - 149 St,3rd Ave - 149th St,2 5,Full ADA Access,3 Av - 149 St 2 5,290,c(-73.9177915276098, 40.81602925251),Full ADA Access,434,434,221
3rd Ave,3rd Ave,L,No Access - No Plans for Funding,3 Av L,383,c(-73.9857500011209, 40.7326909997166),No ADA: No Funding Plans,118,118,L05
30th Ave,30th Ave,N-W,No Access - No Plans for Funding,30 Av N W,304,c(-73.9214790001739, 40.766778666733),No ADA: No Funding Plans,3,3,R04
33 St,33rd St,4-6-6 Express,No Access - No Plans for Funding,33 St 6,32,c(-73.9820760014895, 40.7460809990914),No ADA: No Funding Plans,403,403,632
33 St,33rd St,7,No Access - No Plans for Funding,33 St 7,293,c(-73.9309969995384, 40.7445869998399),No ADA: No Funding Plans,460,460,716
34 St - Hudson Yards,34th St - Hudson Yards,7-7 Express,Full ADA Access,34 St - 11 Av 7,470,c(-74.002197094422, 40.755446359616),Full ADA Access,471,471,726
Herald Sq - 34 St,Herald Sq - 34th St,B-D-F-M,Full ADA Access,34 St - Herald Sq B D F M,366,c(-73.9877718907292, 40.7497893999001),Full ADA Access,227,607,D17
Herald Sq - 34 St,Herald Sq - 34th St,N-Q-R-W,Full ADA Access,34 St - Herald Sq N Q R W,145,c(-73.9879368338264, 40.7496445600944),Full ADA Access,12,607,R17
34 St - Penn Station,34th St - Penn Station,1 2 3,Full ADA Access,34 St - Penn Station 1 2 3,358,c(-73.9910569991398, 40.7503730000395),Full ADA Access,318,318,128
34 St - Penn Station,34th St - Penn Station,A-C-E,Full ADA Access,34 St - Penn Station A C E,437,c(-73.9933909997058, 40.7522870007759),Full ADA Access,164,164,A28
36th Ave,36th Ave,N-W,No Access - No Plans for Funding,36 Av N W,78,c(-73.929861999118, 40.7564420005104),No ADA: No Funding Plans,5,5,R06
36 St,36th St,D-N-R,No Access - Under Consideration,36 St D N R,389,c(-74.0035489995181, 40.6551436663389),No ADA: Under Consideration,32,32,R36
36 St,36th St,E-M-R,No Access - Under Consideration,36 St M R,10,c(-73.9290181846154, 40.7519600440108),No ADA: Under Consideration,272,272,G20
39th Ave,39th Ave,N-W,No Access - No Plans for Funding,39 Av N W,155,c(-73.932851376796, 40.7527630614084),No ADA: No Funding Plans,6,6,R08
4th Av - 9 St,4th Av - 9th St,F-G,No Access - Under Consideration,4 Av F G,374,c(-73.989778999389, 40.6702716672849),No ADA: Under Consideration,239,608,F23
40 St,40th St,7,No Access - No Plans for Funding,40 St 7,294,c(-73.9240159984882, 40.7437810014913),No ADA: No Funding Plans,459,459,715
42nd St - Bryant Pk,42nd St - Bryant Pk,B-D-F-M,No Access - No Plans for Funding,42 St - Bryant Pk B D F M,60,c(-73.9845909990471, 40.7541840013125),No ADA: No Funding Plans,226,609,D16
42nd St - Port Authority Bus Term,42nd St - Port Authority Bus Term,A-C-E,Full ADA Access,42 St - Port Authority Bus Terminal A C E,362,c(-73.9897350008586, 40.7573079985515),Full ADA Access,163,611,A27
45 St,45th St,N-R,No Access - No Plans for Funding,45 St R,388,c(-74.0100060007494, 40.6489386666128),No ADA: No Funding Plans,33,33,R39
46 St,46th St,7,No Access - No Plans for Funding,46 St 7,239,c(-73.9184350010397, 40.7431320006038),No ADA: No Funding Plans,458,458,714
46 St,46th St,E-M-R,No Access - Under Consideration,46 St M R,237,c(-73.9135217499554, 40.7563169526081),No ADA: Under Consideration,270,270,G18
47th-50 Sts - Rockefeller Ctr,47th-50th Sts - Rockefeller Ctr,B-D-F-M,Full ADA Access,47-50 Sts - Rockefeller Ctr B D F M,349,c(-73.981331002277, 40.7586410015981),Full ADA Access,225,225,D15
49 St,49th St,N-Q-R-W,Partial ADA Access northbound only,49 St N R W,354,c(-73.984209565911, 40.7598019738707),Partial ADA Access,10,10,R15
5th Ave - Bryant Pk,5th Ave - Bryant Pk,7-7 Express,No Access - No Plans for Funding,5 Av 7,466,c(-73.9819629985671, 40.7538210006482),No ADA: No Funding Plans,466,609,724
5th Ave - 53 St,5th Ave - 53rd St,E-M,No Access - No Plans for Funding,5 Av/53 St E M,142,c(-73.9752485052734, 40.7600868323133),No ADA: No Funding Plans,276,276,F12
5th Ave - 59 St,5th Ave - 59th St,N-R-W,No Access - No Plans for Funding,5 Av/59 St N W R,356,c(-73.9733470004705, 40.7648109997553),No ADA: No Funding Plans,8,8,R13
50 St,50th St,1 2,No Access - No Plans for Funding,50 St 1,3,c(-73.9838489998663, 40.7617279996142),No ADA: No Funding Plans,316,316,126
50 St,50th St,A-C-E,Partial ADA Acccess southbound only,50 St C E,347,c(-73.9859840002641, 40.76245599926),Partial ADA Access,162,162,A25
50 St,50th St,D,No Access - No Plans for Funding,50 St D,311,c(-73.9946587805514, 40.6362608909614),No ADA: No Funding Plans,61,61,B14
51st St,51st St,4-6-6 Express,Full ADA Access,51 St 6,85,c(-73.9719200006998, 40.7571069998932),Full ADA Access,401,612,630
52nd St,52nd St,7,No Access - No Plans for Funding,52 St 7,236,c(-73.9125489989125, 40.7441490010216),No ADA: No Funding Plans,457,457,713
53 St,53rd St,N-R,No Access - No Plans for Funding,53 St R,391,c(-74.0140339998632, 40.6450686673598),No ADA: No Funding Plans,34,34,R40
55 St,55th St,D,No Access - No Plans for Funding,55 St D,62,c(-73.9953488259574, 40.6314787609374),No ADA: No Funding Plans,62,62,B15
57 St,57th St,N-Q-R-W,ADA Access Under Construction,57 St - 7 Av N Q R W,355,c(-73.9807297337213, 40.7645655250183),In Construction,9,9,R14
57 St,57th St,F,No Access - No Plans for Funding,57 St F,350,c(-73.9773680008517, 40.7640850008171),No ADA: No Funding Plans,224,224,B10
59 St - Columbus Circle,59th St - Columbus Circle,1 2,Full ADA Access,59 St - Columbus Circle 1,94,c(-73.9819290023271, 40.7682470006369),Full ADA Access,315,614,125
59 St - Columbus Circle,59th St - Columbus Circle,A-B-C-D,Full ADA Access,59 St - Columbus Circle A B C D,353,c(-73.981648723014, 40.7682495317761),Full ADA Access,161,614,A24
Lexington Ave - 59 St,Lexington Ave - 59th St,4-5-6-6 Express,No Access - No Plans for Funding,59 St 4 5 6,49,c(-73.9679670004732, 40.7625260003046),No ADA: No Funding Plans,400,613,629
59 St,59th St,N-R,ADA Access Under Construction,59 St N R,387,c(-74.0178809995399, 40.6413616662838),In Construction,35,35,R41
6th Ave,6th Ave,L,No Access - Under Consideration,6 Av L,442,c(-73.9977507887478, 40.7377414698105),No ADA: Under Consideration,116,601,L02
62nd St,62nd St,D,ADA Access Under Construction,62 St D,323,c(-73.9968572499486, 40.6262244629222),In Construction,63,615,B16
63rd Dr - Rego Park,63rd Dr - Rego Park,E-M-R,No Access - Under Consideration,63 Dr - Rego Park M R,191,c(-73.861618200972, 40.7297639724224),No ADA: Under Consideration,263,263,G10
65 St,65th St,E-M-R,No Access - Under Consideration,65 St M R,9,c(-73.8987883783301, 40.7497195293568),No ADA: Under Consideration,268,268,G15
66 St - Lincoln Ctr,66th St - Lincoln Ctr,2-Jan,Full ADA Access,66 St - Lincoln Center 1,88,c(-73.9822089999578, 40.7734400005204),Full ADA Access,314,314,124
67th Ave,67th Ave,E-M-R,No Access - Under Consideration,67 Av M R,67,c(-73.8528604843491, 40.726505475813),No ADA: Under Consideration,262,262,G09
68 St - Hunter College,68th St - Hunter College,4-6-6 Express,ADA Access Under Construction,68 St - Hunter College 6,102,c(-73.9638700015804, 40.7681410004968),In Construction,399,399,628
69 St,69th St,7,No Access - No Plans for Funding,69 St 7,230,c(-73.8964029993185, 40.7463249994103),No ADA: No Funding Plans,455,455,711
7th Ave,7th Ave,B-D-E,No Access - No Plans for Funding,7 Av B D E,348,c(-73.9816978234448, 40.7629701524563),No ADA: No Funding Plans,277,277,D14
7th Ave,7th Ave,B-Q,No Access - No Plans for Funding,7 Av B Q,120,c(-73.9728527919102, 40.6771021798329),No ADA: No Funding Plans,41,41,D25
7th Ave,7th Ave,F-G,No Access - Under Consideration,7 Av F G,108,c(-73.9802511790094, 40.6662446900199),No ADA: Under Consideration,240,240,F24
71st St,71st St,D,No Access - No Plans for Funding,71 St D,320,c(-73.9988409485069, 40.6192587097727),No ADA: No Funding Plans,64,64,B17
72nd St,72nd St,1/2/03,Full ADA Access,72 St 1 2 3,162,c(-73.9819700015958, 40.7784530006861),Full ADA Access,313,313,123
72nd St,72nd St,A-B-C,No Access - No Plans for Funding,72 St B C,56,c(-73.976336575218, 40.7755193972926),No ADA: No Funding Plans,160,160,A22
72nd St,72nd St,Q,Full ADA Access,72 St Q,641,c(-73.9583617868225, 40.768802510149),Full ADA Access,477,477,Q03
74 St - Broadway,74th St - Broadway,7,Full ADA Access,74 St - Broadway 7,231,c(-73.8912051289911, 40.7468675738291),Full ADA Access,454,616,710
75th Ave,75th Ave,E-F,No Access - No Plans for Funding,75 Av E F,164,c(-73.8369236938716, 40.7180446534874),No ADA: No Funding Plans,260,260,F07
75 St - Eldert Ln,75th St - Eldert Ln,J-Z,No Access - No Plans for Funding,75 St J Z,229,c(-73.8672879994496, 40.6912900012467),No ADA: No Funding Plans,85,85,J17
77 St,77th St,4-6-6 Express,No Access - No Plans for Funding,77 St 6,34,c(-73.9598739988605, 40.7736200007461),No ADA: No Funding Plans,398,398,627
77 St,77th St,R,No Access - Under Consideration,77 St R,309,c(-74.0255099996266, 40.6297416668869),No ADA: Under Consideration,37,37,R43
79 St,79th St,2-Jan,No Access - No Plans for Funding,79 St 1,193,c(-73.9799170005613, 40.7839339995903),No ADA: No Funding Plans,312,312,122
79 St,79th St,D,No Access - No Plans for Funding,79 St D,319,c(-74.0005828743151, 40.6131589256952),No ADA: No Funding Plans,65,65,B18
8th Ave,8th Ave,L,Full ADA Access,8 Av L,443,c(-74.0025780010476, 40.739776666382),Full ADA Access,115,618,L01
8th Ave,8th Ave,N,ADA Access Under Construction,8 Av N,77,c(-74.0115159977216, 40.6349709996472),In Construction,71,71,N02
8 St - NYU,8th St - NYU,N-Q-R-W,No Access - No Plans for Funding,8 St - NYU R W,401,c(-73.9925079984915, 40.7304649985399),No ADA: No Funding Plans,16,16,R21
80 St,80th St,A-S,No Access - Under Consideration,80 St A,465,c(-73.8589920020633, 40.6793710011543),No ADA: Under Consideration,190,190,A59
81st St,81st St,A-B-C,No Access - No Plans for Funding,81 St - Museum of Natural History B C,163,c(-73.9720979493721, 40.7813460841821),No ADA: No Funding Plans,159,159,A21
82nd St - Jackson Hts,82nd St - Jackson Hts,7,No Access - No Plans for Funding,82 St - Jackson Hts 7,240,c(-73.8836970007188, 40.7476589995591),No ADA: No Funding Plans,453,453,709
85 St - Forest Pky,85th St - Forest Pky,J,No Access - No Plans for Funding,85 St - Forest Pkwy J,207,c(-73.8600870000687, 40.692426999661),No ADA: No Funding Plans,84,84,J16
86 St,86th St,2-Jan,No Access - No Plans for Funding,86 St 1,86,c(-73.9762179985933, 40.7886440007389),No ADA: No Funding Plans,311,311,121
86 St,86th St,4-5-6-6 Express,No Access - Under Consideration,86 St 4 5 6,451,c(-73.9555889998513, 40.7794919982095),No ADA: Under Consideration,397,397,626
86 St,86th St,A-B-C,No Access - Under Consideration,86 St B C,165,c(-73.9688284942967, 40.7858230467856),No ADA: Under Consideration,158,158,A20
Gravesend - 86 St,Gravesend - 86th St,N,No Access - Under Consideration,86 St N,336,c(-73.9781889993627, 40.5924650008886),No ADA: Under Consideration,79,79,N10
86 St,86th St,Q,Full ADA Access,86 St Q,642,c(-73.9517709096492, 40.7778610433316),Full ADA Access,476,476,Q04
86 St,86th St,R,ADA Access Under Construction,86 St R,318,c(-74.0283979999864, 40.6226866671502),In Construction,38,38,R44
88 St,88th St,A-S,No Access - Under Consideration,88 St A,460,c(-73.8514700002609, 40.679843001355),No ADA: Under Consideration,191,191,A60
9th Ave,9th Ave,D,No Access - No Plans for Funding,9 Av D,390,c(-73.994448744512, 40.6464840772664),No ADA: No Funding Plans,59,59,B12
4th Av - 9 St,4th Av - 9th St,D-N-R,No Access - Under Consideration,9 St R,382,c(-73.9883019997451, 40.6708466668428),No ADA: Under Consideration,29,608,R33
90 St - Elmhurst Av,90th St - Elmhurst Av,7,No Access - No Plans for Funding,90 St - Elmhurst Av 7,241,c(-73.8766129998698, 40.7484080006091),No ADA: No Funding Plans,452,452,708
96 St,96th St,1/2/03,Full ADA Access,96 St 1 2 3,158,c(-73.972322999157, 40.7939190012147),Full ADA Access,310,310,120
96 St,96th St,4-6-6 Express,No Access - Under Consideration,96 St 6,33,c(-73.9510700015425, 40.7856719999861),No ADA: Under Consideration,396,396,625
96 St,96th St,A-B-C,No Access - Under Consideration,96 St B C,57,c(-73.9646024568717, 40.7916187976701),No ADA: Under Consideration,157,157,A19
96 St,96th St,Q,Full ADA Access,96 St Q,643,c(-73.9470660219183, 40.7842366501776),Full ADA Access,475,475,Q05
Alabama Ave,Alabama Ave,J,No Access - No Plans for Funding,Alabama Av J,225,c(-73.8985260015965, 40.6769980000038),No ADA: No Funding Plans,91,91,J24
Allerton Ave,Allerton Ave,5-Feb,No Access - No Plans for Funding,Allerton Av 2 5,257,c(-73.8672342285163, 40.8654833779393),No ADA: No Funding Plans,423,423,210
Annadale,Annadale,SIR,No Access - Under Consideration,Annadale SIR,S17,c(-74.178217, 40.5404599999997),No ADA: Under Consideration,515,515,S17
Aqueduct - North Conduit Av,Aqueduct - North Conduit Av,A,No Access - No Plans for Funding,Aqueduct - N Conduit Av A,243,c(-73.8340579994872, 40.6682340016998),No ADA: No Funding Plans,197,197,H02
Aqueduct Racetrack,Aqueduct Racetrack,A,Full ADA Access,Aqueduct Racetrack A,124,c(-73.8359189996516, 40.6720969991728),Full ADA Access,196,196,H01
Arthur Kill,Arthur Kill,SIR,Full ADA Access,Arthur Kill SIR,NA,c(-74.24192597155, 40.5166427187032),Full ADA Access,523,523,S11
Astor Pl,Astor Pl,4-6-6 Express,No Access - No Plans for Funding,Astor Pl 6,1,c(-73.9910699986197, 40.7300540002898),No ADA: No Funding Plans,407,407,636
Astoria - Ditmars Blvd,Astoria - Ditmars Blvd,N-W,No Access - No Plans for Funding,Astoria - Ditmars Blvd N W,252,c(-73.9120340001031, 40.7750356665237),No ADA: No Funding Plans,1,1,R01
Astoria Blvd,Astoria Blvd,N-W,ADA Access Under Construction,Astoria Blvd N W,251,c(-73.9180950010924, 40.7700369994909),In Construction,2,2,R03
Atlantic Av - Barclay's Center,Atlantic Av - Barclay's Center,2-3-4-5,Full ADA Access,Atlantic Av - Barclays Ctr 2 3,116,c(-73.9775499353939, 40.6844201652676),Full ADA Access,338,617,235
Atlantic Av - Barclay's Center,Atlantic Av - Barclay's Center,B-Q,Full ADA Access,Atlantic Av - Barclays Ctr B Q,121,c(-73.9767834396317, 40.6844883234537),Full ADA Access,40,617,D24
Atlantic Av - Barclay's Center,Atlantic Av - Barclay's Center,D-N-Q-R,Full ADA Access,Atlantic Av - Barclays Ctr D N R,122,c(-73.9788099995677, 40.6836656672794),Full ADA Access,27,617,R31
Atlantic Ave,Atlantic Ave,L,No Access - No Plans for Funding,Atlantic Av L,194,c(-73.9030969995401, 40.6753446664081),No ADA: No Funding Plans,133,133,L24
Ave H,Ave H,Q,Partial ADA Acccess southbound only,Avenue H B Q,344,c(-73.961517939425, 40.6292083775897),Partial ADA Access,48,48,D32
Ave I,Ave I,F,No Access - Under Consideration,Avenue I F,342,c(-73.9760693317092, 40.6250174401914),No ADA: Under Consideration,246,246,F31
Ave J,Ave J,Q,No Access - No Plans for Funding,Avenue J B Q,343,c(-73.9606931624693, 40.6250228199152),No ADA: No Funding Plans,49,49,D33
Ave M,Ave M,Q,No Access - No Plans for Funding,Avenue M B Q,340,c(-73.9592431052215, 40.6173977444437),No ADA: No Funding Plans,50,50,D34
Ave N,Ave N,F,No Access - Under Consideration,Avenue N F,338,c(-73.9740485087314, 40.6143567119088),No ADA: Under Consideration,248,248,F33
Ave P,Ave P,F,No Access - No Plans for Funding,Avenue P F,337,c(-73.9730028152875, 40.6088428089499),No ADA: No Funding Plans,249,249,F34
Ave U,Ave U,Q,No Access - No Plans for Funding,Avenue U B Q,329,c(-73.955811223163, 40.5993089509548),No ADA: No Funding Plans,52,52,D37
Ave U,Ave U,F,No Access - Under Consideration,Avenue U F,325,c(-73.9733764197488, 40.5959248255175),No ADA: Under Consideration,251,251,F36
Ave U,Ave U,N,No Access - Under Consideration,Avenue U N,331,c(-73.9790840009943, 40.5972359999204),No ADA: Under Consideration,78,78,N09
Ave X,Ave X,F,No Access - Under Consideration,Avenue X F,334,c(-73.9742659996891, 40.5894496666253),No ADA: Under Consideration,252,252,F38
Bay 50 St,Bay 50th St,D,No Access - No Plans for Funding,Bay 50 St D,335,c(-73.9837650004595, 40.5888406665193),No ADA: No Funding Plans,70,70,B23
Bay Pky,Bay Pky,D,Full ADA Access,Bay Pkwy D,314,c(-73.9936762000529, 40.6019504615723),Full ADA Access,68,68,B21
Bay Pky,Bay Pky,F,No Access - Under Consideration,Bay Pkwy F,339,c(-73.9752569782215, 40.6207316231679),No ADA: Under Consideration,247,247,F32
Bay Pky,Bay Pky,N,No Access - Under Consideration,Bay Pkwy N,341,c(-73.9817800106929, 40.61145578989),No ADA: Under Consideration,76,76,N07
Bay Ridge - 95 St,Bay Ridge - 95th St,R,ADA Access Under Construction,Bay Ridge - 95 St R,317,c(-74.0308760008576, 40.6166216672595),In Construction,39,39,R45
Bay Ridge Ave,Bay Ridge Ave,R,No Access - No Plans for Funding,Bay Ridge Av R,310,c(-74.0233769995073, 40.6349666668238),No ADA: No Funding Plans,36,36,R42
Bay Terrace,Bay Terrace,SIR,No Access - Under Consideration,Bay Terrace SIR,S20,c(-74.136907, 40.5563999999997),No ADA: Under Consideration,512,512,S20
Baychester Ave,Baychester Ave,5,No Access - No Plans for Funding,Baychester Av 5,277,c(-73.8385909980215, 40.8786630003731),No ADA: No Funding Plans,443,443,502
Beach 105 St,Beach 105th St,A-S,No Access - No Plans for Funding,Beach 105 St A S,16,c(-73.8275807503453, 40.5832684381029),No ADA: No Funding Plans,202,202,H14
Beach 25 St,Beach 25th St,A,No Access - No Plans for Funding,Beach 25 St A,186,c(-73.7613529976207, 40.6000660010588),No ADA: No Funding Plans,208,208,H10
Beach 36 St,Beach 36th St,A,No Access - No Plans for Funding,Beach 36 St A,185,c(-73.7681749993969, 40.5953980016688),No ADA: No Funding Plans,207,207,H09
Beach 44 St,Beach 44th St,A,No Access - No Plans for Funding,Beach 44 St A,181,c(-73.7760129999951, 40.5929429990862),No ADA: No Funding Plans,206,206,H08
Beach 60 St,Beach 60th St,A,No Access - No Plans for Funding,Beach 60 St A,182,c(-73.7885219980118, 40.5923740012123),No ADA: No Funding Plans,205,205,H07
Beach 67 St,Beach 67th St,A,No Access - Under Consideration,Beach 67 St A,205,c(-73.7969239998421, 40.5909270007813),No ADA: Under Consideration,204,204,H06
Beach 90 St,Beach 90th St,A-S,No Access - No Plans for Funding,Beach 90 St A S,17,c(-73.8136514041963, 40.5880915645732),No ADA: No Funding Plans,200,200,H12
Beach 98 St,Beach 98th St,A-S,No Access - No Plans for Funding,Beach 98 St A S,183,c(-73.8205205895952, 40.5853856913328),No ADA: No Funding Plans,201,201,H13
Bedford - Nostrand Aves,Bedford - Nostrand Aves,G,No Access - Under Consideration,Bedford - Nostrand Avs G,106,c(-73.9535220006402, 40.6896270015844),No ADA: Under Consideration,289,289,G33
Bedford Ave,Bedford Ave,L,ADA Access Under Construction,Bedford Av L,151,c(-73.9566649980652, 40.717173998589),In Construction,120,120,L08
Bedford Park Blvd - Lehman College,Bedford Park Blvd - Lehman College,4,No Access - Under Consideration,Bedford Park Blvd - Lehman College 4,260,c(-73.8900640006948, 40.8734119998012),No ADA: Under Consideration,380,380,405
Bedford Park Blvd,Bedford Park Blvd,B-D,ADA Access Under Construction,Bedford Park Blvd B D,265,c(-73.8871379988957, 40.8732439986165),In Construction,211,211,D03
Bergen St,Bergen St,2 3,No Access - No Plans for Funding,Bergen St 2 3,4,c(-73.9749991511681, 40.6808621368296),No ADA: No Funding Plans,339,339,236
Bergen St,Bergen St,F-G,No Access - No Plans for Funding,Bergen St F G,376,c(-73.9907564957357, 40.6861105472598),No ADA: No Funding Plans,236,236,F20
Beverly Rd,Beverly Rd,Q,No Access - No Plans for Funding,Beverley Rd B Q,111,c(-73.9643577962313, 40.6439045986042),No ADA: No Funding Plans,45,45,D29
Beverly Rd,Beverly Rd,5-Feb,No Access - No Plans for Funding,Beverly Rd 2 5,130,c(-73.948847983817, 40.6451235189437),No ADA: No Funding Plans,357,357,245
Bleecker St,Bleecker St,4-6-6 Express,Full ADA Access,Bleecker St 6,457,c(-73.9946590000633, 40.7259146668266),Full ADA Access,408,619,637
Borough Hall,Borough Hall,3-Feb,Full ADA Access,Borough Hall 2 3,406,c(-73.9899979996069, 40.6932189996111),Full ADA Access,335,620,232
Borough Hall,Borough Hall,5-Apr,Partial ADA Access northbound only,Borough Hall 4 5,123,c(-73.9901510009054, 40.692403999991),Partial ADA Access,415,620,423
Botanic Garden,Botanic Garden,S,No Access - No Plans for Funding,Botanic Garden S,281,c(-73.9592449994569, 40.6703426665844),No ADA: No Funding Plans,142,626,S04
Bowery,Bowery,J-Z,No Access - No Plans for Funding,Bowery J Z,434,c(-73.9938069065424, 40.7202468831473),No ADA: No Funding Plans,103,103,M19
Bowling Green,Bowling Green,5-Apr,Full ADA Access,Bowling Green 4 5,419,c(-74.0140079980343, 40.7049139992808),Full ADA Access,414,414,420
Briarwood - Van Wyck Blvd,Briarwood - Van Wyck Blvd,E-F,No Access - No Plans for Funding,Briarwood - Van Wyck Blvd E F,244,c(-73.8206926363744, 40.7091618153695),No ADA: No Funding Plans,258,258,F05
Brighton Beach,Brighton Beach,B-Q,No Access - Under Consideration,Brighton Beach B Q,327,c(-73.961353785988, 40.5777101966424),No ADA: Under Consideration,55,55,D40
Broad Channel,Broad Channel,A-S,No Access - No Plans for Funding,Broad Channel A S,99,c(-73.8158326878296, 40.6084021806968),No ADA: No Funding Plans,199,199,H04
Broad St,Broad St,J-Z,ADA Access Under Construction,Broad St J Z,428,c(-74.0110559999175, 40.706476001106),In Construction,107,107,M23
Broadway,Broadway,G,No Access - No Plans for Funding,Broadway G,71,c(-73.9503122560662, 40.7061265762742),No ADA: No Funding Plans,286,286,G30
Broadway Junction,Broadway Junction,A-C,No Access - Under Consideration,Broadway Jct A C,386,c(-73.9053160005534, 40.6783336660802),No ADA: Under Consideration,184,621,A51
Broadway Junction,Broadway Junction,J-Z,No Access - Under Consideration,Broadway Jct J Z,224,c(-73.9042899974641, 40.6793660014737),No ADA: Under Consideration,92,621,J27
Broadway Junction,Broadway Junction,L,No Access - Under Consideration,Broadway Jct L,283,c(-73.9031175792068, 40.6784562484287),No ADA: Under Consideration,132,621,L22
Broadway,Broadway,N-W,No Access - No Plans for Funding,Broadway N W,79,c(-73.9258229991991, 40.7614319988005),No ADA: No Funding Plans,4,4,R05
Broadway - Lafayette St,Broadway - Lafayette St,B-D-F-M,Full ADA Access,Broadway-Lafayette St B D F M,433,c(-73.9962039987605, 40.725296998738),Full ADA Access,230,619,D21
Bronx Park East,Bronx Park East,5-Feb,No Access - No Plans for Funding,Bronx Park East 2 5,44,c(-73.868356091781, 40.8487686663389),No ADA: No Funding Plans,425,425,212
Brook Ave,Brook Ave,6,No Access - Under Consideration,Brook Av 6,292,c(-73.9192399990943, 40.807565999877),No ADA: Under Consideration,376,376,618
Brooklyn Bridge - City Hall,Brooklyn Bridge - City Hall,4-5-6-6 Express,Full ADA Access,Brooklyn Bridge - City Hall 4 5 6,29,c(-74.0041310005885, 40.7130649994331),Full ADA Access,411,622,640
Buhre Ave,Buhre Ave,6-6 Express,No Access - No Plans for Funding,Buhre Av 6,26,c(-73.8325690000374, 40.8468099988855),No ADA: No Funding Plans,361,361,602
Burke Ave,Burke Ave,5-Feb,No Access - No Plans for Funding,Burke Av 2 5,276,c(-73.867053617476, 40.8712588025477),No ADA: No Funding Plans,422,422,209
Burnside Ave,Burnside Ave,4,No Access - No Plans for Funding,Burnside Av 4,175,c(-73.9076840015997, 40.8534530015569),No ADA: No Funding Plans,384,384,409
Bushwick - Aberdeen,Bushwick - Aberdeen,L,No Access - No Plans for Funding,Bushwick Av - Aberdeen St L,282,c(-73.905261763051, 40.6828606255118),No ADA: No Funding Plans,131,131,L21
Canal St,Canal St,2-Jan,No Access - No Plans for Funding,Canal St 1,90,c(-74.0062770001748, 40.7228539977878),No ADA: No Funding Plans,325,325,135
Canal St,Canal St,4-6-6 Express,Full ADA Access,Canal St 6,2,c(-74.0001929992733, 40.7188030010771),Full ADA Access,410,623,639
Canal St - Holland Tunnel,Canal St - Holland Tunnel,A-C-E,No Access - No Plans for Funding,Canal St A C E,410,c(-74.0052290023424, 40.7208240000712),No ADA: No Funding Plans,169,169,A34
Canal St,Canal St,J-Z,No Access - No Plans for Funding,Canal St J Z,415,c(-73.9998263854594, 40.7181738769739),No ADA: No Funding Plans,104,623,M20
Canal St,Canal St,N-Q,No Access - No Plans for Funding,Canal St N Q,435,c(-74.0010547130603, 40.7188142635871),No ADA: No Funding Plans,19,623,Q01
Canal St,Canal St,R-W,No Access - No Plans for Funding,Canal St R W,417,c(-74.0018260000577, 40.719465001059),No ADA: No Funding Plans,18,623,R23
Canarsie - Rockaway Pkwy,Canarsie - Rockaway Pkwy,L,ADA Access Under Construction,Canarsie - Rockaway Pkwy L,219,c(-73.9018500001729, 40.6466536673953),In Construction,138,138,L29
Carroll St,Carroll St,F-G,No Access - No Plans for Funding,Carroll St F G,394,c(-73.9949469799884, 40.6802733517018),No ADA: No Funding Plans,237,237,F21
Castle Hill Ave,Castle Hill Ave,6-6 Express,No Access - No Plans for Funding,Castle Hill Av 6,28,c(-73.8512219996147, 40.8342549982546),No ADA: No Funding Plans,365,365,607
Cathedral Pkwy (110 St),Cathedral Pkwy (110th St),A-B-C,No Access - No Plans for Funding,Cathedral Pkwy (110 St) B C,7,c(-73.9580667066136, 40.800581558115),No ADA: No Funding Plans,155,155,A17
Cathedral Pkwy (110 St),Cathedral Pkwy (110th St),1,No Access - Under Consideration,Cathedral Pkwy 1,166,c(-73.9668470005456, 40.8039669996148),No ADA: Under Consideration,308,308,118
Central Ave,Central Ave,M,No Access - No Plans for Funding,Central Av M,302,c(-73.9272429990284, 40.6978730001183),No ADA: No Funding Plans,114,114,M10
Central Park North (110 St),Central Park North (110th St),3-Feb,No Access - No Plans for Funding,Central Park North (110 St) 2 3,160,c(-73.9518220017691, 40.7990749997732),No ADA: No Funding Plans,441,441,227
Chambers St,Chambers St,1/2/03,Full ADA Access,Chambers St 1 2 3,404,c(-74.0092660017011, 40.7154780001133),Full ADA Access,327,327,137
Chambers St,Chambers St,A-C,No Access - No Plans for Funding,Chambers St A C,361,c(-74.0085847357013, 40.714111000774),No ADA: No Funding Plans,170,624,A36
Chambers St,Chambers St,J-Z,ADA Access Under Construction,Chambers St J Z,414,c(-74.0034067303134, 40.7132337896267),In Construction,105,622,M21
Chauncey St,Chauncey St,J-Z,No Access - Under Consideration,Chauncey St J Z,35,c(-73.9103835703338, 40.682851300878),No ADA: Under Consideration,93,93,J28
Christopher St - Sheridan Sq,Christopher St - Sheridan Sq,2-Jan,No Access - No Plans for Funding,Christopher St - Sheridan Sq 1,195,c(-74.0029059985524, 40.7334220010422),No ADA: No Funding Plans,323,323,133
Church Ave,Church Ave,5-Feb,Full ADA Access,Church Av 2 5,131,c(-73.9494551403533, 40.6508606878022),Full ADA Access,356,356,244
Church Ave,Church Ave,B-Q,No Access - Under Consideration,Church Av B Q,112,c(-73.9628824619211, 40.6504932464648),No ADA: Under Consideration,44,44,D28
Church Ave,Church Ave,F-G,Full ADA Access,Church Av F,110,c(-73.9797211622908, 40.64427200013),Full ADA Access,243,243,F27
City Hall,City Hall,R-W,No Access - No Plans for Funding,City Hall R W,416,c(-74.0069858178034, 40.713272331117),No ADA: No Funding Plans,20,20,R24
Clark St,Clark St,3-Feb,No Access - No Plans for Funding,Clark St 2 3,446,c(-73.9930859982196, 40.6974659999647),No ADA: No Funding Plans,334,334,231
Classon Ave,Classon Ave,G,No Access - Under Consideration,Classon Av G,70,c(-73.9599900013721, 40.6888890002646),No ADA: Under Consideration,290,290,G34
Cleveland St,Cleveland St,J,No Access - No Plans for Funding,Cleveland St J,215,c(-73.8851940021643, 40.6797779989612),No ADA: No Funding Plans,89,89,J22
Clifton,Clifton,SIR,No Access - Under Consideration,Clifton SIR,S28,c(-74.071402, 40.6213189999997),No ADA: Under Consideration,504,504,S28
Clinton - Washington Aves,Clinton - Washington Aves,A-C,No Access - No Plans for Funding,Clinton - Washington Avs C,448,c(-73.9658379985728, 40.6832629991264),No ADA: No Funding Plans,177,177,A44
Clinton - Washington Aves,Clinton - Washington Aves,G,No Access - No Plans for Funding,Clinton - Washington Avs G,119,c(-73.9667959986695, 40.6880940010605),No ADA: No Funding Plans,291,291,G35
Coney Island - Stillwell Av,Coney Island - Stillwell Av,D-F-N-Q,Full ADA Access,Coney Island - Stillwell Av D F N Q,469,c(-73.9812359981396, 40.5772810000675),Full ADA Access,58,58,D43
Cortelyou Rd,Cortelyou Rd,Q,No Access - No Plans for Funding,Cortelyou Rd B Q,461,c(-73.9637900550549, 40.6409401651401),No ADA: No Funding Plans,46,46,D30
Cortlandt St,Cortlandt St,R-W,Full ADA Access,Cortlandt St R W,429,c(-74.0111319647327, 40.7105129841524),Full ADA Access,21,624,R25
Court Sq,Court Sq,7-7 Express,Full ADA Access,Court Sq 7,93,c(-73.9452640003968, 40.7470229988964),Full ADA Access,462,606,719
Court Sq - 23 St,Court Sq - 23rd St,E-M,No Access - No Plans for Funding,Court Sq E M,66,c(-73.9460547026633, 40.7477681214143),No ADA: No Funding Plans,274,606,F09
Long Island City - Court Sq,Long Island City - Court Sq,G,ADA Access Under Construction,Court Sq G,153,c(-73.9438155959784, 40.7463050335714),In Construction,281,606,G22
Court St,Court St,N-R,No Access - No Plans for Funding,Court St R,378,c(-73.9918183090113, 40.694196480777),No ADA: No Funding Plans,24,620,R28
Crescent St,Crescent St,J-Z,No Access - Under Consideration,Crescent St J Z,227,c(-73.8739292521578, 40.6831526570774),No ADA: Under Consideration,87,87,J20
Crown Hts - Utica Ave,Crown Hts - Utica Ave,4-Mar,Full ADA Access,Crown Hts - Utica Av 3 4,135,c(-73.9329325608185, 40.6689783110781),Full ADA Access,345,345,250
Cypress Ave,Cypress Ave,6,No Access - Under Consideration,Cypress Av 6,255,c(-73.9140419999475, 40.8053680007636),No ADA: Under Consideration,375,375,617
Cypress Hills,Cypress Hills,J,No Access - No Plans for Funding,Cypress Hills J,228,c(-73.87332199883, 40.6896160008388),No ADA: No Funding Plans,86,86,J19
DeKalb Ave,DeKalb Ave,B-D-N-Q-R,Full ADA Access,DeKalb Av B Q R,15,c(-73.9817709444095, 40.6906481199698),Full ADA Access,26,26,R30
DeKalb Ave,DeKalb Ave,L,No Access - No Plans for Funding,DeKalb Av L,235,c(-73.9182320021972, 40.7036929996164),No ADA: No Funding Plans,127,127,L16
Delancey St - Essex St,Delancey St - Essex St,F,No Access - Under Consideration,Delancey St F,370,c(-73.9880780680772, 40.7186807421945),No ADA: Under Consideration,233,625,F15
Ditmas Ave,Ditmas Ave,F,No Access - No Plans for Funding,Ditmas Av F,69,c(-73.9781719996516, 40.6361186666629),No ADA: No Funding Plans,244,244,F29
Dongan Hills,Dongan Hills,SIR,Full ADA Access,Dongan Hills SIR,S25,c(-74.09609, 40.5888489999996),Full ADA Access,507,507,S25
Dyckman St,Dyckman St,1,Partial ADA Access Southbound Only,Dyckman St 1,286,c(-73.9255360000647, 40.860531001388),Partial ADA Access,299,299,109
Dyckman St,Dyckman St,A,No Access - No Plans for Funding,Dyckman St A,431,c(-73.9272709996072, 40.8654909989689),No ADA: No Funding Plans,144,144,A03
E 105 St,E 105th St,L,No Access - No Plans for Funding,E 105 St L,220,c(-73.8995476938872, 40.650468785447),No ADA: No Funding Plans,137,137,L28
E 143 St - St Mary's St,E 143rd St - St Mary's St,6,No Access - Under Consideration,E 143 St - St Mary's St 6,258,c(-73.9076569993649, 40.8087190009014),No ADA: Under Consideration,374,374,616
E 149 St,E 149th St,6,No Access - Under Consideration,E 149 St 6,50,c(-73.9040979987595, 40.812117998272),No ADA: Under Consideration,373,373,615
E 180 St,E 180th St,5-Feb,Full ADA Access,E 180 St 2 5,285,c(-73.8733460951088, 40.8418630412186),Full ADA Access,426,426,213
East Broadway,East Broadway,F,No Access - No Plans for Funding,East Broadway F,369,c(-73.990177001222, 40.7138550010204),No ADA: No Funding Plans,234,234,F16
Eastchester - Dyre Ave,Eastchester - Dyre Ave,5,No Access - No Plans for Funding,Eastchester - Dyre Av 5,278,c(-73.8308340021742, 40.8882999990101),No ADA: No Funding Plans,442,442,501
Eastern Pkwy - Bklyn Museum,Eastern Pkwy - Bklyn Museum,2/3/04,ADA Access Under Construction,Eastern Pkwy - Brooklyn Museum 2 3,129,c(-73.9642220374842, 40.6720322354592),In Construction,341,341,238
Elder Ave,Elder Ave,6,No Access - No Plans for Funding,Elder Av 6,249,c(-73.8791589987478, 40.8285840010893),No ADA: No Funding Plans,369,369,611
Elmhurst Ave,Elmhurst Ave,E-M-R,No Access - Under Consideration,Elmhurst Av M R,37,c(-73.8820347465864, 40.7423700797217),No ADA: Under Consideration,266,266,G13
Eltingville,Eltingville,SIR,No Access - No Plans for Funding,Eltingville SIR,S18,c(-74.16457, 40.5446009999996),No ADA: No Funding Plans,514,514,S18
Delancey St - Essex St,Delancey St - Essex St,J-M-Z,No Access - Under Consideration,Essex St J M Z,11,c(-73.9874094020297, 40.7183060561862),No ADA: Under Consideration,102,625,M18
Euclid Ave,Euclid Ave,A-C-S,Full ADA Access,Euclid Av A C,459,c(-73.8721060009968, 40.6753769982394),Full ADA Access,188,188,A55
Far Rockaway - Mott Ave,Far Rockaway - Mott Ave,A,Full ADA Access,Far Rockaway - Mott Av A,55,c(-73.7554049992473, 40.6039950016875),Full ADA Access,209,209,H11
Brooklyn College - Flatbush Ave,Brooklyn College - Flatbush Ave,5-Feb,Full ADA Access,Flatbush Av - Brooklyn College 2 5,133,c(-73.9475412073441, 40.6328424070074),Full ADA Access,359,359,247
Flushing - Main St,Flushing - Main St,7-7 Express,Full ADA Access,Flushing - Main St 7,25,c(-73.8300300026251, 40.7595999991501),Full ADA Access,447,447,701
Flushing Ave,Flushing Ave,G,No Access - No Plans for Funding,Flushing Av G,364,c(-73.9502340010257, 40.7003766662215),No ADA: No Funding Plans,287,287,G31
Flushing Ave,Flushing Ave,J-M,Full ADA Access,Flushing Av J M,372,c(-73.9413773483837, 40.7004044029811),Full ADA Access,98,98,M12
Fordham Rd,Fordham Rd,4,Full ADA Access,Fordham Rd 4,408,c(-73.901033999217, 40.8628029998894),Full ADA Access,382,382,407
Fordham Rd,Fordham Rd,B-D,No Access - No Plans for Funding,Fordham Rd B D,263,c(-73.897749001024, 40.8612959986835),No ADA: No Funding Plans,213,213,D05
Forest Ave,Forest Ave,M,No Access - No Plans for Funding,Forest Av M,449,c(-73.9030750000595, 40.7044120008781),No ADA: No Funding Plans,110,110,M05
Forest Hills - 71st Av,Forest Hills - 71st Av,E-F-M-R,Full ADA Access,Forest Hills - 71 Av E F M R,245,c(-73.8445167201267, 40.7215943095359),Full ADA Access,261,261,G08
Ft Hamilton Pkwy,Ft Hamilton Pkwy,D,No Access - No Plans for Funding,Fort Hamilton Pkwy D,392,c(-73.9942022375285, 40.6409127114447),No ADA: No Funding Plans,60,60,B13
Ft Hamilton Pkwy,Ft Hamilton Pkwy,F-G,No Access - No Plans for Funding,Fort Hamilton Pkwy F G,109,c(-73.9757759991747, 40.6507816680342),No ADA: No Funding Plans,242,242,F26
Ft Hamilton Pkwy,Ft Hamilton Pkwy,N,No Access - No Plans for Funding,Fort Hamilton Pkwy N,312,c(-74.0053510004628, 40.6313856672244),No ADA: No Funding Plans,72,72,N03
Franklin Ave,Franklin Ave,2-3-4-5,No Access - No Plans for Funding,Franklin Av 2 3 4 5,42,c(-73.9580997367769, 40.6707651534489),No ADA: No Funding Plans,342,626,239
Franklin Ave,Franklin Ave,A-C,Full ADA Access,Franklin Av C,447,c(-73.9568480001461, 40.6813796665874),Full ADA Access,178,627,A45
Franklin Ave - Fulton St,Franklin Ave - Fulton St,S,Full ADA Access,Franklin Av S,288,c(-73.9558270011043, 40.6805956659826),Full ADA Access,139,627,S01
Franklin St,Franklin St,2-Jan,No Access - No Plans for Funding,Franklin St 1,464,c(-74.0068860027711, 40.7193180013021),No ADA: No Funding Plans,326,326,136
Freeman St,Freeman St,5-Feb,No Access - No Plans for Funding,Freeman St 2 5,18,c(-73.8917522534946, 40.8299874463841),No ADA: No Funding Plans,429,429,216
Fresh Pond Rd,Fresh Pond Rd,M,No Access - No Plans for Funding,Fresh Pond Rd M,423,c(-73.8958980017196, 40.7062259982305),No ADA: No Funding Plans,109,109,M04
Fulton St,Fulton St,3-Feb,Full ADA Access,Fulton St 2 3,402,c(-74.006570999702, 40.7094159992587),Full ADA Access,332,628,229
Fulton St,Fulton St,5-Apr,Full ADA Access,Fulton St 4 5,427,c(-74.0095089985646, 40.7103679988221),Full ADA Access,412,628,418
Fulton St,Fulton St,A-C,Full ADA Access,Fulton St A C,360,c(-74.0076230932399, 40.7101621653019),Full ADA Access,172,628,A38
Fulton St,Fulton St,G,No Access - No Plans for Funding,Fulton St G,118,c(-73.9753749983315, 40.6871189995077),No ADA: No Funding Plans,292,292,G36
Fulton St,Fulton St,J-Z,Full ADA Access,Fulton St J Z,413,c(-74.0079380011039, 40.7100226665842),Full ADA Access,106,628,M22
Gates Ave,Gates Ave,J-Z,No Access - Under Consideration,Gates Av J Z,301,c(-73.9221560015075, 40.6895839990139),No ADA: Under Consideration,95,95,J30
Graham Ave,Graham Ave,L,No Access - No Plans for Funding,Graham Av L,150,c(-73.9439439986904, 40.7145759983636),No ADA: No Funding Plans,122,122,L11
Grand Army Plaza,Grand Army Plaza,2/3/04,No Access - No Plans for Funding,Grand Army Plaza 2 3,115,c(-73.9709563319228, 40.6752946951032),No ADA: No Funding Plans,340,340,237
Grand Ave - Newtown,Grand Ave - Newtown,E-M-R,No Access - Under Consideration,Grand Av - Newtown M R,68,c(-73.8772208566918, 40.7368134181971),No ADA: Under Consideration,265,265,G12
Grand Central - 42nd St,Grand Central - 42nd St,4-5-6-6 Express,Full ADA Access,Grand Central - 42 St 4 5 6,31,c(-73.9767132992584, 40.7518074298163),Full ADA Access,402,610,631
Grand Central - 42nd St,Grand Central - 42nd St,7-7 Express,Full ADA Access,Grand Central - 42 St 7,204,c(-73.9760410011151, 40.7514310002869),Full ADA Access,465,610,723
Grand Central - 42nd St,Grand Central - 42nd St,S,Full ADA Access,Grand Central - 42 St S,81,c(-73.979188999891, 40.7527686667422),Full ADA Access,469,610,901
Grand St,Grand St,B-D,No Access - No Plans for Funding,Grand St B D,432,c(-73.9937529991359, 40.7182669995499),No ADA: No Funding Plans,231,231,D22
Grand St,Grand St,L,No Access - Under Consideration,Grand St L,149,c(-73.9404969987464, 40.7115760006482),No ADA: Under Consideration,123,123,L12
Grant Ave,Grant Ave,A-S,No Access - No Plans for Funding,Grant Av A,192,c(-73.865049998777, 40.6770440005448),No ADA: No Funding Plans,189,189,A57
Grant City,Grant City,SIR,No Access - Under Consideration,Grant City SIR,S23,c(-74.109704, 40.5789649999996),No ADA: Under Consideration,509,509,S23
Grasmere,Grasmere,SIR,No Access - Under Consideration,Grasmere SIR,S27,c(-74.084087, 40.6031169999997),No ADA: Under Consideration,505,505,S27
Great Kills,Great Kills,SIR,Full ADA Access,Great Kills SIR,S19,c(-74.151399, 40.5512309999997),Full ADA Access,513,513,S19
Greenpoint Ave,Greenpoint Ave,G,ADA Access Under Construction,Greenpoint Av G,138,c(-73.9544250014623, 40.7312669997146),In Construction,283,283,G26
Gun Hill Rd,Gun Hill Rd,5-Feb,Full ADA Access,Gun Hill Rd 2 5,40,c(-73.866134105387, 40.877839385172),Full ADA Access,421,421,208
Gun Hill Rd,Gun Hill Rd,5,ADA Access Under Construction,Gun Hill Rd 5,284,c(-73.8463840015176, 40.8695259996268),In Construction,444,444,503
Halsey St,Halsey St,J,No Access - Under Consideration,Halsey St J,75,c(-73.9166388842194, 40.6864152707043),No ADA: Under Consideration,94,94,J29
Halsey St,Halsey St,L,No Access - No Plans for Funding,Halsey St L,211,c(-73.9039340011863, 40.6955180011488),No ADA: No Funding Plans,129,129,L19
Harlem - 148 St,Harlem - 148 St,3,No Access - No Plans for Funding,Harlem - 148 St 3,261,c(-73.9364700000556, 40.8238800008046),No ADA: No Funding Plans,436,436,301
Hewes St,Hewes St,J-M,No Access - No Plans for Funding,Hewes St J M,140,c(-73.9534880003846, 40.706889998054),No ADA: No Funding Plans,100,100,M14
High St,High St,A-C,No Access - No Plans for Funding,High St A C,453,c(-73.9905310006546, 40.6993369997788),No ADA: No Funding Plans,173,173,A40
Houston St,Houston St,2-Jan,No Access - No Plans for Funding,Houston St 1,97,c(-74.0053670018058, 40.7282510007302),No ADA: No Funding Plans,324,324,134
Howard Beach - JFK Airport,Howard Beach - JFK Airport,A,Full ADA Access,Howard Beach - JFK Airport A,242,c(-73.8303010007103, 40.6604760000496),Full ADA Access,198,198,H03
Hoyt - Schermerhorn Sts,Hoyt - Schermerhorn Sts,A-C-G,No Access - No Plans for Funding,Hoyt - Schermerhorn Sts A C G,367,c(-73.9850362403414, 40.6884084758064),No ADA: No Funding Plans,175,175,A42
Hoyt St,Hoyt St,3-Feb,No Access - No Plans for Funding,Hoyt St 2 3,405,c(-73.9850637957565, 40.6905441853547),No ADA: No Funding Plans,336,336,233
Huguenot,Huguenot,SIR,No Access - Under Consideration,Huguenot SIR,S16,c(-74.191794, 40.5336739999996),No ADA: Under Consideration,516,516,S16
Hunters Point Ave,Hunters Point Ave,7-7 Express,No Access - No Plans for Funding,Hunters Point Av 7,95,c(-73.9489160009391, 40.7422159998632),No ADA: No Funding Plans,463,463,720
Hunts Point Ave,Hunts Point Ave,6-6 Express,Full ADA Access,Hunts Point Av 6,89,c(-73.8905490001734, 40.8209479985231),Full ADA Access,371,371,613
Intervale Ave,Intervale Ave,5-Feb,No Access - No Plans for Funding,Intervale Av 2 5,19,c(-73.8966173846165, 40.8221421311708),No ADA: No Funding Plans,431,431,218
Inwood - 207 St,Inwood - 207th St,A,Full ADA Access,Inwood - 207 St A,270,c(-73.9198990010047, 40.8680719999974),Full ADA Access,143,143,A02
Jackson Ave,Jackson Ave,5-Feb,No Access - No Plans for Funding,Jackson Av 2 5,253,c(-73.9077019387083, 40.816437466864),No ADA: No Funding Plans,433,433,220
Jackson Hts - Roosevelt Av,Jackson Hts - Roosevelt Av,E-F-M-R,Full ADA Access,Jackson Hts - Roosevelt Av E F M R,438,c(-73.891298665197, 40.7465396911589),Full ADA Access,267,616,G14
Jamaica - 179 St,Jamaica - 179th St,F,Full ADA Access,Jamaica - 179 St F,279,c(-73.7838170017645, 40.712645666744),Full ADA Access,254,254,F01
Jamaica - Van Wyck,Jamaica - Van Wyck,E,Full ADA Access,Jamaica - Van Wyck E,63,c(-73.8170128713541, 40.7028985528731),Full ADA Access,280,280,G07
Jamaica Ctr - Parsons / Archer,Jamaica Ctr - Parsons / Archer,E-J-Z,Full ADA Access,Jamaica Center - Parsons/Archer E J Z,247,c(-73.8010963229892, 40.7020673762119),Full ADA Access,278,278,G05
Jay St - MetroTech,Jay St - MetroTech,A-C-F,Full ADA Access,Jay St - MetroTech A C F,368,c(-73.9872181526732, 40.6924706368471),Full ADA Access,174,636,A41
Jay St - MetroTech,Jay St - MetroTech,N-R,Full ADA Access,Jay St - MetroTech R,377,c(-73.9860566785461, 40.6922553964532),Full ADA Access,25,636,R29
Jefferson Av,Jefferson Av,SIR,No Access - Under Consideration,Jefferson Av SIR,S24,c(-74.103338, 40.5835909999997),No ADA: Under Consideration,508,508,S24
Jefferson St,Jefferson St,L,No Access - Under Consideration,Jefferson St L,305,c(-73.9229130000312, 40.7066066659887),No ADA: Under Consideration,126,126,L15
Junction Blvd,Junction Blvd,7-7 Express,Full ADA Access,Junction Blvd 7,24,c(-73.8695270010352, 40.7491449994884),Full ADA Access,451,451,707
Junius St,Junius St,4-Mar,No Access - Under Consideration,Junius St 3,217,c(-73.9024486418356, 40.6635890018172),No ADA: Under Consideration,349,349,254
Kew Gardens - Union Tpke,Kew Gardens - Union Tpke,E-F,Full ADA Access,Kew Gardens - Union Tpke E F,64,c(-73.8303702709878, 40.714034819571),Full ADA Access,259,259,F06
Kings Hwy,Kings Hwy,B-Q,Full ADA Access,Kings Hwy B Q,330,c(-73.9576087353808, 40.608638645396),Full ADA Access,51,51,D35
Kings Hwy,Kings Hwy,F,No Access - Under Consideration,Kings Hwy F,326,c(-73.9723553085244, 40.6032584051283),No ADA: Under Consideration,250,250,F35
Kings Hwy,Kings Hwy,N,No Access - No Plans for Funding,Kings Hwy N,332,c(-73.9803730022934, 40.6040589998049),No ADA: No Funding Plans,77,77,N08
Kingsbridge Rd,Kingsbridge Rd,4,No Access - No Plans for Funding,Kingsbridge Rd 4,259,c(-73.8971740010174, 40.8677600008858),No ADA: No Funding Plans,381,381,406
Kingsbridge Rd,Kingsbridge Rd,B-D,Full ADA Access,Kingsbridge Rd B D,59,c(-73.8935090000331, 40.8669779999994),Full ADA Access,212,212,D04
Kingston - Throop Aves,Kingston - Throop Aves,A-C,No Access - No Plans for Funding,Kingston - Throop Avs C,8,c(-73.9408589987126, 40.679918999416),No ADA: No Funding Plans,180,180,A47
Kingston Ave,Kingston Ave,4-Mar,No Access - No Plans for Funding,Kingston Av 3,136,c(-73.9421597839296, 40.6694814486498),No ADA: No Funding Plans,344,344,249
Knickerbocker Ave,Knickerbocker Ave,M,No Access - No Plans for Funding,Knickerbocker Av M,303,c(-73.9197200018862, 40.6986600012381),No ADA: No Funding Plans,113,113,M09
Kosciuszko St,Kosciuszko St,J,No Access - Under Consideration,Kosciuszko St J,300,c(-73.9285089992741, 40.693172001292),No ADA: Under Consideration,96,96,J31
Lafayette Ave,Lafayette Ave,A-C,No Access - No Plans for Funding,Lafayette Av C,454,c(-73.9739459984941, 40.6861130002057),No ADA: No Funding Plans,176,176,A43
Lexington Ave - 53 St,Lexington Ave - 53rd St,E-M,Full ADA Access,Lexington Av/53 St E M,143,c(-73.969072374902, 40.7574683078286),Full ADA Access,275,612,F11
Lexington Ave - 59 St,Lexington Ave - 59th St,N-R-W,No Access - No Plans for Funding,Lexington Av/59 St N W R,357,c(-73.9673750171144, 40.7627088553946),No ADA: No Funding Plans,7,613,R11
Lexington Ave - 63 St,Lexington Ave - 63rd St,F-Q,Full ADA Access,Lexington Av/63 St F Q,351,c(-73.9660896441325, 40.7646180944237),Full ADA Access,223,223,B08
Liberty Ave,Liberty Ave,A-C,No Access - No Plans for Funding,Liberty Av C,385,c(-73.8965480010393, 40.6745419998709),No ADA: No Funding Plans,185,185,A52
Livonia Ave,Livonia Ave,L,No Access - Under Consideration,Livonia Av L,216,c(-73.9005623722606, 40.6640572709464),No ADA: Under Consideration,135,135,L26
Longwood Ave,Longwood Ave,6,No Access - No Plans for Funding,Longwood Av 6,250,c(-73.8964349989741, 40.8161039999724),No ADA: No Funding Plans,372,372,614
Lorimer St,Lorimer St,J-M,No Access - No Plans for Funding,Lorimer St J M,76,c(-73.947354998842, 40.7038440000421),No ADA: No Funding Plans,99,99,M13
Lorimer St,Lorimer St,L,No Access - Under Consideration,Lorimer St L,72,c(-73.9502479999697, 40.7140720006472),No ADA: Under Consideration,121,629,L10
Marble Hill - 225 St,Marble Hill - 225th St,1,No Access - No Plans for Funding,Marble Hill - 225 St 1,266,c(-73.9098309992355, 40.8745609994179),No ADA: No Funding Plans,296,296,106
Marcy Ave,Marcy Ave,J-M-Z,Full ADA Access,Marcy Av J M Z,139,c(-73.9578320007573, 40.7083830000179),Full ADA Access,101,101,M16
Metropolitan Ave,Metropolitan Ave,G,No Access - Under Consideration,Metropolitan Av G,148,c(-73.9514239994525, 40.7127740007343),No ADA: Under Consideration,285,629,G29
Mets - Willets Point,Mets - Willets Point,7-7 Express,No Access - No Plans for Funding,Mets - Willets Point 7,23,c(-73.8456249984179, 40.7546219988126),No ADA: No Funding Plans,448,448,702
Middle Village - Metropolitan Ave,Middle Village - Metropolitan Ave,M,Full ADA Access,Middle Village - Metropolitan Av M,424,c(-73.8895772297809, 40.7114313050582),Full ADA Access,108,108,M01
Middletown Rd,Middletown Rd,6-6 Express,No Access - No Plans for Funding,Middletown Rd 6,91,c(-73.8363219975594, 40.8438630012838),No ADA: No Funding Plans,362,362,603
Montrose Ave,Montrose Ave,L,No Access - Under Consideration,Montrose Av L,152,c(-73.939792847135, 40.7073910643846),No ADA: Under Consideration,124,124,L13
Morgan Ave,Morgan Ave,L,No Access - Under Consideration,Morgan Av L,306,c(-73.9331470002421, 40.7061516668073),No ADA: Under Consideration,125,125,L14
Morris Park,Morris Park,5,No Access - No Plans for Funding,Morris Park 5,125,c(-73.8604950011725, 40.8543639996643),No ADA: No Funding Plans,446,446,505
Morrison Av - Soundview,Morrison Av - Soundview,6,No Access - Under Consideration,Morrison Av- Sound View 6,51,c(-73.8745159992949, 40.8295210015675),No ADA: Under Consideration,368,368,610
Mosholu Pkwy,Mosholu Pkwy,4,No Access - Under Consideration,Mosholu Pkwy 4,274,c(-73.8846549998873, 40.8797499994723),No ADA: Under Consideration,379,379,402
Mt Eden Ave,Mt Eden Ave,4,No Access - No Plans for Funding,Mt Eden Av 4,262,c(-73.9146849986034, 40.8444340009268),No ADA: No Funding Plans,386,386,411
Myrtle-Willoughby Aves,Myrtle-Willoughby Aves,G,No Access - No Plans for Funding,Myrtle - Willoughby Avs G,363,c(-73.9490669989016, 40.6946189990377),No ADA: No Funding Plans,288,288,G32
Myrtle - Wyckoff Aves,Myrtle - Wyckoff Aves,L,Full ADA Access,Myrtle - Wyckoff Avs L,212,c(-73.9109757182647, 40.6994710624271),Full ADA Access,128,630,L17
Myrtle - Wyckoff Aves,Myrtle - Wyckoff Aves,M,Full ADA Access,Myrtle - Wyckoff Avs M,233,c(-73.912178999396, 40.6994540009084),Full ADA Access,112,630,M08
Myrtle Ave,Myrtle Ave,J-M-Z,No Access - Under Consideration,Myrtle Av J M Z,373,c(-73.9356230012996, 40.6971950005145),No ADA: Under Consideration,97,97,M11
Nassau Ave,Nassau Ave,G,No Access - No Plans for Funding,Nassau Av G,137,c(-73.9511830001652, 40.7244799978083),No ADA: No Funding Plans,284,284,G28
Neck Rd,Neck Rd,Q,No Access - Under Consideration,Neck Rd B Q,345,c(-73.9550782749376, 40.595321691117),No ADA: Under Consideration,53,53,D38
Neptune Ave,Neptune Ave,F,No Access - Under Consideration,Neptune Av F,333,c(-73.9745927281881, 40.5807387584915),No ADA: Under Consideration,253,253,F39
Nereid Ave (238 St),Nereid Ave (238 St),5-Feb,No Access - No Plans for Funding,Nereid Av 2 5,41,c(-73.8543153107622, 40.8982865155753),No ADA: No Funding Plans,417,417,204
Nevins St,Nevins St,2-3-4-5,No Access - No Plans for Funding,Nevins St 2 3 4 5,128,c(-73.9804067987458, 40.6883105801902),No ADA: No Funding Plans,337,337,234
New Dorp,New Dorp,SIR,No Access - Under Consideration,New Dorp SIR,S22,c(-74.11721, 40.5734799999997),No ADA: Under Consideration,510,510,S22
New Lots Ave,New Lots Ave,4-Mar,No Access - Under Consideration,New Lots Av 3,213,c(-73.8841107080033, 40.6663149325969),No ADA: Under Consideration,352,352,257
New Lots Ave,New Lots Ave,L,No Access - No Plans for Funding,New Lots Av L,223,c(-73.8992779605714, 40.6589147736853),No ADA: No Funding Plans,136,136,L27
New Utrecht Ave,New Utrecht Ave,N,ADA Access Under Construction,New Utrecht Av N,324,c(-73.9963530002597, 40.6248416672589),In Construction,73,615,N04
Newkirk Ave,Newkirk Ave,5-Feb,No Access - No Plans for Funding,Newkirk Av 2 5,132,c(-73.9482999082241, 40.6399912427531),No ADA: No Funding Plans,358,358,246
Newkirk Ave,Newkirk Ave,B-Q,No Access - No Plans for Funding,Newkirk Plaza B Q,113,c(-73.9626948683726, 40.6351419373379),No ADA: No Funding Plans,47,47,D31
Northern Blvd,Northern Blvd,E-M-R,No Access - Under Consideration,Northern Blvd M R,238,c(-73.9060650805236, 40.7528248292361),No ADA: Under Consideration,269,269,G16
Norwood - 205 St,Norwood - 205th St,D,No Access - No Plans for Funding,Norwood - 205 St D,275,c(-73.8788549991869, 40.8748110001118),No ADA: No Funding Plans,210,210,D01
Norwood Ave,Norwood Ave,J-Z,No Access - Under Consideration,Norwood Av J Z,13,c(-73.8796259991078, 40.6815200004568),No ADA: Under Consideration,88,88,J21
Nostrand Ave,Nostrand Ave,4-Mar,No Access - No Plans for Funding,Nostrand Av 3,445,c(-73.9504262489579, 40.6699381509305),No ADA: No Funding Plans,343,343,248
Nostrand Ave,Nostrand Ave,A-C,No Access - No Plans for Funding,Nostrand Av A C,127,c(-73.9504260009968, 40.6804380000623),No ADA: No Funding Plans,179,179,A46
Oakwood Heights,Oakwood Heights,SIR,No Access - Under Consideration,Oakwood Heights SIR,S21,c(-74.12632, 40.5651099999996),No ADA: Under Consideration,511,511,S21
Ocean Pkwy,Ocean Pkwy,Q,No Access - Under Consideration,Ocean Pkwy Q,100,c(-73.9685009997518, 40.5763116670809),No ADA: Under Consideration,56,56,D41
Old Town,Old Town,SIR,No Access - Under Consideration,Old Town SIR,S26,c(-74.087368, 40.5966119999997),No ADA: Under Consideration,506,506,S26
Ozone Park - Lefferts Blvd,Ozone Park - Lefferts Blvd,A-S,Full ADA Access,Ozone Park - Lefferts Blvd A,196,c(-73.8257979990661, 40.6859509987836),Full ADA Access,195,195,A65
Park Pl,Park Pl,3-Feb,No Access - No Plans for Funding,Park Pl 2 3,403,c(-74.0088109999736, 40.7130509990777),No ADA: No Funding Plans,331,624,228
Park Pl,Park Pl,S,Full ADA Access,Park Pl S,82,c(-73.9576240007463, 40.6747716668526),Full ADA Access,141,141,S03
Parkchester,Parkchester,6-6 Express,No Access - Under Consideration,Parkchester 6,463,c(-73.860816001084, 40.8332259992786),No ADA: Under Consideration,366,366,608
Parkside Ave,Parkside Ave,Q,No Access - No Plans for Funding,Parkside Av B Q,114,c(-73.9614534398765, 40.6550730416372),No ADA: No Funding Plans,43,43,D27
Parsons Blvd,Parsons Blvd,F,No Access - No Plans for Funding,Parsons Blvd F,187,c(-73.8032890002189, 40.7075719996157),No ADA: No Funding Plans,256,256,F03
Pelham Bay Park,Pelham Bay Park,6-6 Express,Full ADA Access,Pelham Bay Park 6,201,c(-73.8281210005929, 40.8524619995166),Full ADA Access,360,360,601
Pelham Pkwy,Pelham Pkwy,5-Feb,Full ADA Access,Pelham Pkwy 2 5,39,c(-73.8674806785004, 40.8571924091606),Full ADA Access,424,424,211
Pelham Pkwy,Pelham Pkwy,5,No Access - No Plans for Funding,Pelham Pkwy 5,126,c(-73.8553590004356, 40.8589849998201),No ADA: No Funding Plans,445,445,504
Pennsylvania Ave,Pennsylvania Ave,4-Mar,No Access - Under Consideration,Pennsylvania Av 3,5,c(-73.8948859115406, 40.6647144514357),No ADA: Under Consideration,350,350,255
Pleasant Plains,Pleasant Plains,SIR,No Access - Under Consideration,Pleasant Plains SIR,S14,c(-74.217847, 40.5224099999996),No ADA: Under Consideration,518,518,S14
President St,President St,5-Feb,No Access - No Plans for Funding,President St 2 5,455,c(-73.9505892002221, 40.6678836035368),No ADA: No Funding Plans,353,353,241
Prince St,Prince St,N-Q-R-W,No Access - No Plans for Funding,Prince St R W,400,c(-73.9977020004599, 40.7243286659757),No ADA: No Funding Plans,17,17,R22
Prince's Bay,Prince's Bay,SIR,No Access - Under Consideration,Prince's Bay SIR,S15,c(-74.200064, 40.5255069999997),No ADA: Under Consideration,517,517,S15
Prospect Ave,Prospect Ave,5-Feb,No Access - No Plans for Funding,Prospect Av 2 5,254,c(-73.9017777873092, 40.8194872648384),No ADA: No Funding Plans,432,432,219
Prospect Ave,Prospect Ave,D-N-R,No Access - No Plans for Funding,Prospect Av R,381,c(-73.9928720006742, 40.6654136671298),No ADA: No Funding Plans,30,30,R34
Prospect Park,Prospect Park,B-Q-S,Full ADA Access,Prospect Park B Q,61,c(-73.9620313042661, 40.6616334551018),Full ADA Access,42,42,D26
Queens Plz,Queens Plz,E-M-R,Full ADA Access,Queens Plaza E M R,307,c(-73.9371382396569, 40.7489177198632),Full ADA Access,273,273,G21
Queensboro Plz,Queensboro Plz,7-7 Express-N-W,No Access - Under Consideration,Queensboro Plaza N W,103,c(-73.9401635351909, 40.7506356510148),No ADA: Under Consideration,461,461,R09
Ralph Ave,Ralph Ave,A-C,No Access - No Plans for Funding,Ralph Av C,38,c(-73.9207859993331, 40.6788220008734),No ADA: No Funding Plans,182,182,A49
Rector St,Rector St,1,No Access - No Plans for Funding,Rector St 1,425,c(-74.0137830011974, 40.7075129995218),No ADA: No Funding Plans,329,329,139
Rector St,Rector St,R-W,No Access - No Plans for Funding,Rector St R W,422,c(-74.0129745625379, 40.7077447562945),No ADA: No Funding Plans,22,22,R26
Richmond Valley,Richmond Valley,SIR,No Access - No Plans for Funding,Richmond Valley SIR,S13,c(-74.229141, 40.5196309999996),No ADA: No Funding Plans,519,519,S13
Rockaway Ave,Rockaway Ave,4-Mar,No Access - No Plans for Funding,Rockaway Av 3,218,c(-73.9089583358445, 40.6626174881522),No ADA: No Funding Plans,348,348,253
Rockaway Ave,Rockaway Ave,A-C,No Access - No Plans for Funding,Rockaway Av C,117,c(-73.9119459972662, 40.6783399998835),No ADA: No Funding Plans,183,183,A50
Rockaway Blvd,Rockaway Blvd,A-S,No Access - Under Consideration,Rockaway Blvd A,104,c(-73.8438529979573, 40.6804289995884),No ADA: Under Consideration,192,192,A61
Rockaway Park - Beach 116 St,Rockaway Park - Beach 116 St,A-S,Full ADA Access,Rockaway Park - Beach 116 St A S,184,c(-73.8355900870124, 40.5809558655735),Full ADA Access,203,203,H15
Roosevelt Island - Main St,Roosevelt Island - Main St,F,Full ADA Access,Roosevelt Island F,352,c(-73.9532349997887, 40.7591719996711),Full ADA Access,222,222,B06
Saratoga Ave,Saratoga Ave,4-Mar,No Access - No Plans for Funding,Saratoga Av 3,221,c(-73.9163302500795, 40.6615297898075),No ADA: No Funding Plans,347,347,252
Seneca Ave,Seneca Ave,M,No Access - No Plans for Funding,Seneca Av M,234,c(-73.9075819988542, 40.702918998949),No ADA: No Funding Plans,111,111,M06
Sheepshead Bay,Sheepshead Bay,B-Q,No Access - Under Consideration,Sheepshead Bay B Q,328,c(-73.9540579125791, 40.5865475470754),No ADA: Under Consideration,54,54,D39
Shepherd Ave,Shepherd Ave,A-C,No Access - No Plans for Funding,Shepherd Av C,226,c(-73.8807499974727, 40.6741300014559),No ADA: No Funding Plans,187,187,A54
Simpson St,Simpson St,5-Feb,Full ADA Access,Simpson St 2 5,43,c(-73.893066395079, 40.8239768412374),Full ADA Access,430,430,217
Smith - 9 Sts,Smith - 9th Sts,F-G,No Access - Under Consideration,Smith - 9 Sts F G,375,c(-73.9958917279093, 40.6736410609041),No ADA: Under Consideration,238,238,F22
South Ferry,South Ferry,1,Full ADA Access,South Ferry 1,418,c(-74.0131689591926, 40.7017305075745),Full ADA Access,330,635,142
Spring St,Spring St,4-6-6 Express,No Access - No Plans for Funding,Spring St 6,467,c(-73.9971410000667, 40.7223009999937),No ADA: No Funding Plans,409,409,638
Spring St,Spring St,A-C-E,No Access - No Plans for Funding,Spring St C E,395,c(-74.0037389984376, 40.7262270012931),No ADA: No Funding Plans,168,168,A33
St George,St George,SIR,Full ADA Access,St George SIR,S31,c(-74.073643, 40.6437479999996),Full ADA Access,501,501,S31
St Lawrence Ave,St Lawrence Ave,6,No Access - Under Consideration,St Lawrence Av 6,53,c(-73.8676179992367, 40.8315090005233),No ADA: Under Consideration,367,367,609
Stapleton,Stapleton,SIR,No Access - Under Consideration,Stapleton SIR,S29,c(-74.075162, 40.6279149999997),No ADA: Under Consideration,503,503,S29
Steinway St,Steinway St,E-M-R,No Access - Under Consideration,Steinway St M R,299,c(-73.9205264716827, 40.7569873591257),No ADA: Under Consideration,271,271,G19
Sterling St,Sterling St,5-Feb,No Access - No Plans for Funding,Sterling St 2 5,134,c(-73.9507289112494, 40.6627729934283),No ADA: No Funding Plans,354,354,242
Sutphin Blvd - Archer Av,Sutphin Blvd - Archer Av,E-J-Z,Full ADA Access,Sutphin Blvd - Archer Av - JFK Airport E J Z,65,c(-73.8080047196383, 40.700382424235),Full ADA Access,279,279,G06
Sutphin Blvd,Sutphin Blvd,F,No Access - No Plans for Funding,Sutphin Blvd F,246,c(-73.8108329989723, 40.7054179990676),No ADA: No Funding Plans,257,257,F04
Sutter Ave - Rutland Road,Sutter Ave - Rutland Road,4-Mar,No Access - No Plans for Funding,Sutter Av - Rutland Rd 3,222,c(-73.92252118536, 40.6647667887749),No ADA: No Funding Plans,346,346,251
Sutter Ave,Sutter Ave,L,No Access - No Plans for Funding,Sutter Av L,73,c(-73.9019160004208, 40.669145000614),No ADA: No Funding Plans,134,134,L25
Times Sq - 42nd St,Times Sq - 42nd St,1/2/03,Full ADA Access,Times Sq - 42 St 1 2 3,359,c(-73.9874950005188, 40.7552899999568),Full ADA Access,317,611,127
Times Sq - 42nd St,Times Sq - 42nd St,7-7 Express,Full ADA Access,Times Sq - 42 St 7,197,c(-73.9876909982515, 40.7554770019825),Full ADA Access,467,611,725
Times Sq - 42nd St,Times Sq - 42nd St,N-Q-R-W,Full ADA Access,Times Sq - 42 St N Q R W,80,c(-73.9867680015398, 40.7546119985154),Full ADA Access,11,611,R16
Times Sq - 42nd St,Times Sq - 42nd St,S,ADA Access Under Construction,Times Sq - 42 St S,147,c(-73.986228999532, 40.7559830005701),In Construction,468,611,902
Tompkinsville,Tompkinsville,SIR,No Access - Under Consideration,Tompkinsville SIR,S30,c(-74.074835, 40.6369489999997),No ADA: Under Consideration,502,502,S30
Tottenville,Tottenville,SIR,Full ADA Access,Tottenville SIR,S09,c(-74.251961, 40.5127639999996),Full ADA Access,522,522,S09
Tremont Ave,Tremont Ave,B-D,No Access - Under Consideration,Tremont Av B D,171,c(-73.9052270012235, 40.8504099995102),No ADA: Under Consideration,215,215,D07
Union Sq - 14 St,Union Sq - 14th St,L,Full ADA Access,Union Sq - 14 St L,384,c(-73.9906697690182, 40.7347633121792),Full ADA Access,117,602,L03
Union St,Union St,D-N-R,No Access - No Plans for Funding,Union St R,36,c(-73.9831099990967, 40.677315667351),No ADA: No Funding Plans,28,28,R32
Utica Ave,Utica Ave,A-C,Full ADA Access,Utica Av A C,298,c(-73.9307289991403, 40.6793639995055),Full ADA Access,181,181,A48
Van Cortlandt Park - 242nd St,Van Cortlandt Park - 242nd St,1,No Access - No Plans for Funding,Van Cortlandt Park - 242 St 1,271,c(-73.8985830004965, 40.8892480001148),No ADA: No Funding Plans,293,293,101
Van Siclen Ave,Van Siclen Ave,4-Mar,No Access - Under Consideration,Van Siclen Av 3,46,c(-73.8894049173011, 40.6655179630596),No ADA: Under Consideration,351,351,256
Van Siclen Ave,Van Siclen Ave,A-C,No Access - No Plans for Funding,Van Siclen Av C,214,c(-73.8903580002471, 40.672709999061),No ADA: No Funding Plans,186,186,A53
Van Siclen Ave,Van Siclen Ave,J-Z,No Access - No Plans for Funding,Van Siclen Av J Z,12,c(-73.8916577270245, 40.6780282144778),No ADA: No Funding Plans,90,90,J23
Vernon Blvd - Jackson Ave,Vernon Blvd - Jackson Ave,7-7 Express,No Access - No Plans for Funding,Vernon Blvd - Jackson Av 7,101,c(-73.9535809987525, 40.7426259996975),No ADA: No Funding Plans,464,464,721
W 4 St - Washington Sq (Upper),W 4th St - Washington Sq (Upper),A-C-E,Full ADA Access,W 4 St A C E,206,c(-74.0004950022543, 40.7323379977433),Full ADA Access,167,167,A32
W 4 St - Washington Sq (Lower),W 4th St - Washington Sq (Lower),B-D-F-M,Full ADA Access,W 4 St B D F M,84,c(-74.0003081475597, 40.7322544933679),Full ADA Access,167,167,D20
W 8 St - NY Aquarium,W 8th St - NY Aquarium,F-Q,No Access - No Plans for Funding,W 8 St - NY Aquarium F Q,198,c(-73.9759578741382, 40.5760338181036),No ADA: No Funding Plans,57,57,D42
Wakefield - 241st St,Wakefield - 241st St,2,No Access - No Plans for Funding,Wakefield - 241 St 2,280,c(-73.8506199987954, 40.9031250005412),No ADA: No Funding Plans,416,416,201
Wall St,Wall St,3-Feb,No Access - No Plans for Funding,Wall St 2 3,430,c(-74.0090999984426, 40.7068209997534),No ADA: No Funding Plans,333,333,230
Wall St,Wall St,5-Apr,No Access - No Plans for Funding,Wall St 4 5,420,c(-74.0118619986011, 40.707557000866),No ADA: No Funding Plans,413,413,419
West Farms Sq - E Tremont Av,West Farms Sq - E Tremont Av,5-Feb,No Access - No Plans for Funding,West Farms Sq - E Tremont Av 2 5,272,c(-73.8799612787718, 40.840207632418),No ADA: No Funding Plans,427,427,214
Westchester Sq - E Tremont Ave,Westchester Sq - E Tremont Ave,6-6 Express,ADA Access Under Construction,Westchester Sq - E Tremont Av 6,202,c(-73.8429519992501, 40.8398920010139),In Construction,363,363,604
Whitehall St,Whitehall St,R-W,No Access - No Plans for Funding,Whitehall St R W,421,c(-74.0130072374272, 40.7031423735991),No ADA: No Funding Plans,23,635,R27
Whitlock Ave,Whitlock Ave,6,No Access - No Plans for Funding,Whitlock Av 6,52,c(-73.8862829985325, 40.826525000559),No ADA: No Funding Plans,370,370,612
Wilson Ave,Wilson Ave,L,Partial ADA Access northbound only,Wilson Av L,74,c(-73.9039586049186, 40.6888665424602),Partial ADA Access,130,130,L20
Winthrop St,Winthrop St,5-Feb,No Access - No Plans for Funding,Winthrop St 2 5,45,c(-73.9500793459099, 40.6566593137608),No ADA: No Funding Plans,355,355,243
Woodhaven Blvd,Woodhaven Blvd,J-Z,ADA Access Under Construction,Woodhaven Blvd J Z,208,c(-73.8520519974079, 40.693703998801),In Construction,83,83,J15
Woodhaven Blvd - Queens Mall,Woodhaven Blvd - Queens Mall,E-M-R,No Access - Under Consideration,Woodhaven Blvd M R,232,c(-73.8694320861235, 40.7330973738097),No ADA: Under Consideration,264,264,G11
Woodlawn,Woodlawn,4,No Access - Under Consideration,Woodlawn 4,456,c(-73.8787509999093, 40.8860370002533),No ADA: Under Consideration,378,378,401
Woodside - 61st St,Woodside - 61st St,7-7 Express,Full ADA Access,Woodside - 61 St 7,54,c(-73.9029840017301, 40.7456300011384),Full ADA Access,456,456,712
World Trade Center,World Trade Center,E,Full ADA Access,World Trade Center E,409,c(-74.009744615177, 40.7125639268082),Full ADA Access,171,624,E01
Cortlandt St,Cortlandt St,1,Full ADA Access,WTC Cortlandt 1,426,c(-74.0121880011229, 40.7118350008202),Full ADA Access,328,328,138
York St,York St,F,No Access - No Plans for Funding,York St F,452,c(-73.9868849999367, 40.6997426676916),No ADA: No Funding Plans,235,235,F18
Zerega Ave,Zerega Ave,6-6 Express,No Access - No Plans for Funding,Zerega Av 6,30,c(-73.8470359987544, 40.8364880006082),No ADA: No Funding Plans,364,364,606